Weapon Name,Weapon Type,Attack Stat,Rank,Might,Uses,Hit,Crit,Crit % Modifier,Crit Dmg Modifier,Avo,CEva,Range,HP,Stength,Magic,Skill,Speed,Luck,Defense,Resistance,ESpd(Off),ESpd(Def),Gems,Reverse WT?,Double WT?,Ineffective?,Cost,Effect,In Shop,Stock in shop,In Convoy,Stock in convoy
Bronze Sword,Sword,Str,E,4,,100,0,0.5,2,0,20,1,,,,,,,,,0,0,2,FALSE,FALSE,FALSE,500,Halves player critical and offensive skill activation rate,TRUE,,FALSE,
Malachite Sword,Sword,Mag,E,4,,100,0,0.5,2,0,20,1,,,,,,,,,0,0,2,FALSE,FALSE,FALSE,500,Halves player critical and offensive skill activation rate,TRUE,,FALSE,
Iron Sword,Sword,Str,D,6,,90,0,1,2,0,0,1,,,,,,,,,0,0,2,FALSE,FALSE,FALSE,1000,,TRUE,,FALSE,
Orichalcum Sword,Sword,Mag,D,6,,90,0,1,2,0,0,1,,,,,,,,,0,0,2,FALSE,FALSE,FALSE,1000,,TRUE,,FALSE,
Steel Sword,Sword,Str,C,9,,85,0,1,2,-5,0,1,,,,,,,,,-3,0,4,FALSE,FALSE,FALSE,2000,Follow up is more difficult.,TRUE,,FALSE,
Ebony Sword,Sword,Mag,C,9,,85,0,1,2,-5,0,1,,,,,,,,,-3,0,4,FALSE,FALSE,FALSE,2000,Follow up is more difficult.,TRUE,,FALSE,
Silver Sword,Sword,Str,B,12,,90,0,1,2,0,-5,1,,,,,,,,,0,0,4,FALSE,FALSE,FALSE,4000,Str/Skl-2 after use in Enemy Phase. Stacks up to -4.,FALSE,,FALSE,
Gold Sword,Sword,Mag,B,12,,90,0,1,2,0,-5,1,,,,,,,,,0,0,4,FALSE,FALSE,FALSE,4000,Mag/Skl-2 after use in Enemy Phase. Stacks up to -4.,FALSE,,FALSE,
Bottle,Sword,Str,E,1,,110,0,1,2,10,10,1,,,,,,,,,0,0,2,FALSE,FALSE,FALSE,500,"Held fine Nohrian beer, at one point. Now it just holds blood of your enemies.",FALSE,,FALSE,
Training Sword,Sword,Str,E,4,,90,0,1,2,0,15,1,,,,,,,,,0,0,2,FALSE,FALSE,FALSE,500,Doubles WEXP gains,FALSE,,TRUE,
Ruby Sword,Sword,Str,C,10,,80,0,1,2,0,0,1,,,,,,,,,0,0,4,FALSE,TRUE,FALSE,???,A gemstone weapon that increases the effects of the Weapon Triangle,FALSE,,FALSE,
Wyrmslayer,Sword,Str,D,9,,95,0,1,2,0,0,1,,,,,,,,,0,0,4,FALSE,FALSE,TRUE,2500,Effective vs Dragon units; ineffective otherwise,FALSE,,FALSE,
Hostile Blade,Sword,Str,C,7,,90,10,1,2,0,-5,1,,,,,,,,,-3,0,4,FALSE,FALSE,FALSE,3000,"Critical Evade -5, ability to double attack -3",FALSE,,FALSE,
Levin Sword,Sword,Mag,C,11,,80,0,0,1,-20,0,1 ~ 2,,,,,,,,,0,0,4,FALSE,FALSE,FALSE,3300,Magic Weapon. Cannot inflict critical hits.,FALSE,,FALSE,
Killing Edge,Sword,Str,C,6,,85,25,1,3,-10,0,1,,,,,,,,,0,0,4,FALSE,FALSE,FALSE,3000,Deals extra damage on critical hits.,FALSE,,FALSE,
Nimble Blade,Sword,Str,C,8,,80,0,1,2,0,0,1,,,,,3,,-3,-3,0,0,4,FALSE,FALSE,FALSE,3000,"Speed +3, Defense/Resistance -3.",FALSE,,FALSE,
Spellbind Blade,Sword,Str,C,7,,90,0,1,2,5,-10,1,,,,,,,3,,0,0,4,FALSE,FALSE,TRUE,3000,"Effective vs Tomes, ineffective otherwise.",FALSE,,FALSE,
Sunset Sword,Sword,Str,C,7,,85,0,1,2,-10,0,1,,,,,,,4,,0,0,4,FALSE,FALSE,FALSE,2000,,FALSE,,FALSE,
Brass Katana,Sword,Str,E,4,,100,0,0.5,2,0,20,1,,,,,1,,-1,-1,0,0,2,FALSE,FALSE,FALSE,500,Halves player critical and offensive skill activation rate,FALSE,,FALSE,
Malachite Katana,Sword,Mag,E,4,,100,0,0.5,2,0,20,1,,,,,1,,-1,-1,0,0,2,FALSE,FALSE,FALSE,500,Halves player critical and offensive skill activation rate,FALSE,,FALSE,
Iron Katana,Sword,Str,D,6,,90,0,1,2,0,0,1,,,,,1,,-1,-1,0,0,2,FALSE,FALSE,FALSE,1000,,FALSE,,FALSE,
Orichalcum Katana,Sword,Mag,D,6,,90,0,1,2,0,0,1,,,,,1,,-1,-1,0,0,2,FALSE,FALSE,FALSE,1000,,FALSE,,FALSE,
Steel Katana,Sword,Str,C,9,,85,0,1,2,-5,0,1,,,,,1,,-1,-1,-3,0,4,FALSE,FALSE,FALSE,2000,Follow up is more difficult.,FALSE,,FALSE,
Ebony Katana,Sword,Mag,C,9,,85,0,1,2,-5,0,1,,,,,1,,-1,-1,-3,0,4,FALSE,FALSE,FALSE,2000,Follow up is more difficult.,FALSE,,FALSE,
Silver Katana,Sword,Str,B,12,,90,0,1,2,0,-5,1,,,,,1,,-1,-1,0,0,4,FALSE,FALSE,FALSE,4000,Str/Skl-2 after use in Enemy Phase. Stacks up to -4.,FALSE,,FALSE,
Gold Katana,Sword,Mag,B,12,,90,0,1,2,0,-5,1,,,,,1,,-1,-1,0,0,4,FALSE,FALSE,FALSE,4000,Mag/Skl-2 after use in Enemy Phase. Stacks up to -4.,FALSE,,FALSE,
Daikon Radish,Sword,Str,E,1,,110,0,1,2,10,10,1,,,,,1,,-1,-1,0,0,2,FALSE,FALSE,FALSE,500,Armor means nothing to floppy jiggle physics.,FALSE,,FALSE,
Raider Katana,Sword,Str,E,5,,85,0,1,2,0,0,1,,,,,1,,-1,-1,3,0,2,FALSE,FALSE,FALSE,1000,Follow up is easier.,FALSE,,FALSE,
Axe Splitter,Sword,Str,D,7,,75,0,1,2,-10,0,1,,,,,1,,-1,-1,0,0,4,FALSE,FALSE,TRUE,3400,"Effective vs enemies wielding Axes, ineffective otherwise.",FALSE,,FALSE,
Kodachi,Sword,Str,D,5,,85,0,0,1,0,0,1 ~ 2,,,,,1,,-1,-1,-99,-5,2,FALSE,FALSE,FALSE,1800,Cannot critical or proc skills. Cannot double. Weak to follow up.,TRUE,1,FALSE,
Iron Kodachi,Sword,Str,D,6,,90,0,1,2,0,0,1 ~ 2,,,,,1,,-1,-1,0,0,2,FALSE,FALSE,FALSE,1000,,FALSE,,FALSE,
Dual Katana,Sword,Str,C,8,,75,5,1,2,0,0,1,,,,,1,,-1,-1,0,0,4,TRUE,TRUE,FALSE,3500,Reverses and doubles Weapon Triangle,FALSE,,FALSE,
Patient Katana,Sword,Str,C,6,,90,5,1,2,-10,5,1,,,,,1,,-1,-1,0,0,4,FALSE,FALSE,FALSE,2400,"Doubles weapon Mt during counterattacks.
Cannot make follow-up attacks.",FALSE,,FALSE,
Practice Katana,Sword,Str,C,6,,80,0,1,2,0,0,1,,,,,1,,-1,-1,0,0,4,FALSE,FALSE,FALSE,2700,,FALSE,,FALSE,
Spirit Katana,Sword,Str,C,5,,80,0,1,2,0,0,1,,,,,1,,-4,-4,0,0,4,FALSE,FALSE,FALSE,1900,"Effective versus Monsters. If equipped, recovers 10 HP at start of turn.",FALSE,,FALSE,
Sunrise Katana,Sword,Str,C,5,,85,0,1,2,20,0,1,,,,,1,,-1,-1,0,0,4,FALSE,FALSE,FALSE,2000,,FALSE,,FALSE,
Rishar Base,Sword,Mag,C,11,,80,10,1,2,0,10,1 ~ 2,,,,,,,,,0,0,10,FALSE,FALSE,FALSE,-,Glenn only. A shocking blade.,TRUE,,FALSE,
Bronze Lance,Lance,Str,E,5,,90,0,0.5,2,0,20,1,,,,,,,,,0,0,2,FALSE,FALSE,FALSE,500,Halves player critical and offensive skill activation rate,TRUE,,FALSE,
Malachite Lance,Lance,Mag,E,5,,90,0,0.5,2,0,20,1,,,,,,,,,0,0,2,FALSE,FALSE,FALSE,500,Halves player critical and offensive skill activation rate,TRUE,,FALSE,
Iron Lance,Lance,Str,D,7,,80,0,1,2,0,0,1,,,,,,,,,0,0,2,FALSE,FALSE,FALSE,1000,,TRUE,,FALSE,
Orichalcum Lance,Lance,Mag,D,7,,80,0,1,2,0,0,1,,,,,,,,,0,0,2,FALSE,FALSE,FALSE,1000,,TRUE,,FALSE,
Steel Lance,Lance,Str,C,10,,75,0,1,2,-5,0,1,,,,,,,,,-3,0,4,FALSE,FALSE,FALSE,2000,Follow up is more difficult.,TRUE,,FALSE,
Ebony Lance,Lance,Mag,C,10,,75,0,1,2,-5,0,1,,,,,,,,,-3,0,4,FALSE,FALSE,FALSE,2000,Follow up is more difficult.,FALSE,,FALSE,
Silver Lance,Lance,Str,B,14,,80,0,1,2,0,-5,1,,,,,,,,,0,0,4,FALSE,FALSE,FALSE,4000,Str/Skl-2 after use in Enemy Phase. Stacks up to -4.,FALSE,,FALSE,
Gold Lance,Lance,Mag,B,14,,80,0,1,2,0,-5,1,,,,,,,,,0,0,4,FALSE,FALSE,FALSE,4000,Mag/Skl-2 after use in Enemy Phase. Stacks up to -4.,FALSE,,FALSE,
Broom,Lance,Str,E,2,,105,0,1,2,10,10,1,,,,,,,,,0,0,3,FALSE,FALSE,FALSE,500,I'm gonna need a sweeper.,FALSE,,FALSE,
Training Lance,Lance,Str,E,3,,80,0,1,2,0,15,1,,,,,,,,,0,0,2,FALSE,FALSE,FALSE,500,Doubles WEXP Gains,FALSE,,FALSE,
Sapphire Lance,Lance,Str,C,12,,70,0,1,2,0,0,1,,,,,,,,,0,0,4,FALSE,TRUE,FALSE,???,A gemstone weapon that increases the effects of the Weapon Triangle,FALSE,,FALSE,
Beast Killer,Lance,Str,D,10,,85,0,1,2,0,0,1,,,,,,,,,0,0,1,FALSE,FALSE,TRUE,2500,Effective vs Beast Units; ineffective otherwise,TRUE,0,FALSE,
Javelin,Lance,Str,D,6,,75,0,0,1,0,0,1 ~ 2,,,,,,,,,-99,-5,1,FALSE,FALSE,FALSE,1800,Cannot crit or proc skills. Cannot double. Weak to follow up.,FALSE,,FALSE,
Stick,Lance,Str,D,5,,85,0,1,2,0,0,1,,,,3,,,,,0,0,2,FALSE,FALSE,FALSE,500,,FALSE,,FALSE,
Blessed Lance,Lance,Str,C,6,,70,0,1,2,0,0,1,,,,,,,-3,-3,0,0,2,FALSE,FALSE,FALSE,1900,"Effective versus Monsters. If equipped, recovers 10 HP at start of turn.",FALSE,,FALSE,
Heavy Lance,Lance,Str,C,16,,65,0,1,2,0,0,1,,,,,,,,,-5,-5,1,FALSE,FALSE,FALSE,3000,"Ability to double attack -5, enemy's ability to double attack +5",FALSE,,FALSE,
Killer Lance,Lance,Str,C,7,,75,25,1,3,-10,0,1,,,,,,,,,0,0,2,FALSE,FALSE,FALSE,3000,,FALSE,,FALSE,
Spear,Lance,Str,B,12,,65,0,1,2,-10,0,2,,,,,,,,,-99,-5,1,FALSE,FALSE,FALSE,4500,Cannot double. Weak to follow up.,FALSE,,FALSE,
Brave Lance,Lance,Str,A,7,,65,0,1,3,0,0,1,,,,,,,,,0,0,4,FALSE,FALSE,FALSE,8000,"Allows the user to attack an additional time everytime they attack.
Checks the user's offensive stats (Skill+Spd) vs the user's defensive stats (Def+Res). If the offensive total is greater, the user suffers -5 Off spd while using this weapon. Otherwise, they suffer -4 def/res.",FALSE,,FALSE,
Brass Naginata,Lance,Str,E,4,,90,0,0.5,2,0,20,1,,,,,,,1,1,0,0,2,FALSE,FALSE,FALSE,500,Halves player critical and offensive skill activation rate,FALSE,,FALSE,
Malachite Naginata,Lance,Mag,E,4,,90,0,0.5,2,0,20,1,,,,,,,1,1,0,0,2,FALSE,FALSE,FALSE,500,Halves player critical and offensive skill activation rate,FALSE,,FALSE,
Iron Naginata,Lance,Str,D,6,,80,0,1,2,0,0,1,,,,,,,1,1,0,0,2,FALSE,FALSE,FALSE,1000,,FALSE,,FALSE,
Orichalcum Naginata,Lance,Mag,D,6,,80,0,1,2,0,0,1,,,,,,,1,1,0,0,2,FALSE,FALSE,FALSE,1000,,FALSE,,FALSE,
Steel Naginata,Lance,Str,C,9,,75,0,1,2,-5,0,1,,,,,,,1,1,-3,0,2,FALSE,FALSE,FALSE,2000,Follow up is more difficult.,FALSE,,FALSE,
Ebony Naginata,Lance,Mag,C,9,,75,0,1,2,-5,0,1,,,,,,,1,1,-3,0,2,FALSE,FALSE,FALSE,2000,Follow up is more difficult.,FALSE,,FALSE,
Bamboo Pole,Lance,Str,E,2,,100,0,1,2,10,10,1,,,,,,,1,1,0,0,3,FALSE,FALSE,FALSE,500,Become a kung fu master in a setting without kung fu anyway.,FALSE,,FALSE,
Raider Naginata,Lance,Str,E,5,,75,0,1,2,0,0,1,,,,,,,1,1,3,0,1,FALSE,FALSE,FALSE,500,Follow up is easier.,FALSE,,FALSE,
Bold Naginata,Lance,Str,D,15,,100,10,1,2,0,0,1,,,,,,,1,1,-99,0,2,FALSE,FALSE,FALSE,2500,Cannot double.,FALSE,,FALSE,
Swordcatcher,Lance,Str,D,7,,65,0,1,2,-10,0,1,,,,,,,1,1,0,0,1,FALSE,FALSE,TRUE,3400,"Effective vs enemies wielding Swords, ineffective otherwise.",FALSE,,FALSE,
Bolt Naginata,Lance,Mag,C,11,,70,0,0,1,-20,0,1 ~ 2,,,,,,,1,1,0,0,1,FALSE,FALSE,FALSE,4500,Magic weapon. Cannot proc skills or crit.,FALSE,,FALSE,
Crescent Glaive,Lance,Str,C,10,,60,0,1,2,10,10,1,,,,,,,1,1,-3,0,1,FALSE,FALSE,FALSE,3000,"A heavy, bladed polearm. The introductory weapon of a great general from a far off land.",FALSE,,FALSE,
Dual Naginata,Lance,Str,C,8,,65,5,1,2,0,0,1,,,,,,,1,1,0,0,1,TRUE,TRUE,FALSE,3500,Reverses and doubles the effects of Weapon Triangle,FALSE,,FALSE,
Guard Naginata,Lance,Str,C,8,,55,0,1,2,-10,0,1,,,,,,,4,4,0,0,2,FALSE,FALSE,FALSE,4000,,FALSE,,FALSE,
Hexlock Spear,Lance,Str,C,1,,80,0,1,2,0,0,1,,,,,,,,8,0,0,2,FALSE,FALSE,FALSE,2500,,FALSE,,FALSE,
Siegebreaker's Partisan,Lance,Str,A,7,,75,0,1,1.5,-10,-5,1 ~ 3,,,,,,,,,-99,0,,FALSE,FALSE,FALSE,???,"Can attack every unit in its range, in a straight line in one cardinal direction. Cannot double nor make counter attacks, and cannot be countered.",FALSE,,FALSE,
Iron Nagayori,Lance,Str,D,6,,80,0,1,2,0,0,1 ~ 2,,,,,,,1,1,0,0,3,FALSE,FALSE,FALSE,-,Enemy Only,FALSE,,FALSE,
Iron Javelin,Lance,Str,D,7,,80,0,1,2,0,0,1 ~ 2,,,,,,,,,0,0,3,FALSE,FALSE,FALSE,-,Enemy Only,FALSE,,FALSE,
Orichalcum Javelin,Lance,Str,D,7,,80,0,1,2,0,0,1 ~ 2,,,,,,,,,0,0,3,FALSE,FALSE,FALSE,-,Enemy Only,TRUE,,FALSE,
Clarent Base,Lance,Str,Prf,11,,65,0,2,3,0,0,1,,,,,,,,,0,0,-,FALSE,FALSE,FALSE,-,Prince Jeffray Only. Effective vs Tomes. An intimidating lance.,TRUE,,FALSE,
Bronze Axe,Axe,Str,E,6,,80,0,0.5,2,0,20,1,,,,,,,,,0,0,2,FALSE,FALSE,FALSE,500,Halves player critical and offensive skill activation rate,TRUE,,FALSE,
Malachite Axe,Axe,Mag,E,6,,80,0,0.5,2,0,20,1,,,,,,,,,0,0,2,FALSE,FALSE,FALSE,500,Halves player critical and offensive skill activation rate,TRUE,,FALSE,
Iron Axe,Axe,Str,D,8,,70,0,1,2,0,0,1,,,,,,,,,0,0,2,FALSE,FALSE,FALSE,1000,,TRUE,,FALSE,
Orichalcum Axe,Axe,Mag,D,8,,70,0,1,2,0,0,1,,,,,,,,,0,0,2,FALSE,FALSE,FALSE,1000,,TRUE,,FALSE,
Steel Axe,Axe,Str,C,11,,65,0,1,2,-5,0,1,,,,,,,,,-3,0,2,FALSE,FALSE,FALSE,2000,Follow up is more difficult.,FALSE,,FALSE,
Ebony Axe,Axe,Mag,C,11,,65,0,1,2,-5,0,1,,,,,,,,,-3,0,2,FALSE,FALSE,FALSE,2000,Follow up is more difficult.,FALSE,,FALSE,
Silver Axe,Axe,Str,B,16,,70,0,1,3,0,-5,1,,,,,,,,,0,0,4,FALSE,FALSE,FALSE,4000,Str/Skl-2 after use in Enemy Phase. Stacks up to -4.,FALSE,,FALSE,
Gold Axe,Axe,Mag,B,16,,70,0,1,3,0,-5,1,,,,,,,,,0,0,4,FALSE,FALSE,FALSE,4000,Mag/Skl-2 after use in Enemy Phase. Stacks up to -4.,FALSE,,FALSE,
Frying Pan,Axe,Str,E,3,,90,0,1,2,10,10,1,,,,,,,,,0,0,3,FALSE,FALSE,FALSE,500,Can use to shield head from the rain.,FALSE,,TRUE,
Raider Axe,Axe,Str,E,7,,65,0,1,2,0,0,1,,,,,,,,,3,0,1,FALSE,FALSE,FALSE,1000,Follow up is easier.,FALSE,,FALSE,
Training Axe,Axe,Str,E,4,,90,0,0,2,0,15,1,,,,,,,,,0,0,2,FALSE,FALSE,FALSE,500,Doubles WEXP gains,FALSE,,FALSE,
Emerald Axe,Axe,Str,C,14,,60,0,1,2,0,0,1,,,,,,,,,0,0,4,FALSE,TRUE,FALSE,???,A gemstone weapon that increases the effects of the Weapon Triangle,FALSE,,FALSE,
Bone Axe,Axe,Str,D,9,,60,0,1,2,0,0,1,,,,,,,,3,0,0,2,FALSE,FALSE,FALSE,1400,,TRUE,0,FALSE,
Hammer,Axe,Str,D,12,,75,0,1,2,0,0,1,,,,,,,,,0,0,1,FALSE,FALSE,TRUE,2500,Effective vs Armored Units; ineffective otherwise,FALSE,,FALSE,
Handaxe,Axe,Str,D,7,,65,0,0,1,0,0,1 ~ 2,,,,,,,,,-99,-5,1,FALSE,FALSE,FALSE,1800,Cannot crit or proc skills. Cannot double. Weak to follow up.,FALSE,,FALSE,
Berserker's Axe,Axe,Str,C,17,,90,0,1,2,0,0,1,,,,,,,,,0,0,1,FALSE,FALSE,FALSE,4000,"After combat, consume 30% of wielders total HP. Cannot reduce below 1.",FALSE,,FALSE,
Killer Axe,Axe,Str,C,8,,65,25,1,4,-10,0,1,,,,,,,,,0,0,4,FALSE,FALSE,FALSE,3000,Deals extra damage on critical hits.,FALSE,,FALSE,
Execution Axe,Axe,Str,C,13,,60,30,1,3,0,-20,1,,,,,,,,,0,-5,1,FALSE,FALSE,FALSE,3000,"Critical Evade -20, Critical hits deal more damage, enemy's ability to double attack +5",FALSE,,FALSE,
Brass Club,Axe,Str,E,5,,85,0,0.5,2,0,20,1,,,,,,,,,0,0,2,FALSE,FALSE,FALSE,500,Halves player critical and offensive skill activation rate,FALSE,,FALSE,
Malachite Club,Axe,Mag,E,5,,85,0,0.5,2,0,20,1,,,,,,,,,0,0,2,FALSE,FALSE,FALSE,500,Halves player critical and offensive skill activation rate,FALSE,,FALSE,
Iron Club,Axe,Str,D,6,,75,5,1,2,0,0,1,,,,,,,,,0,0,2,FALSE,FALSE,FALSE,1000,,FALSE,,FALSE,
Orichalcum Club,Axe,Mag,D,6,,75,5,1,2,0,0,1,,,,,,,,,0,0,2,FALSE,FALSE,FALSE,1000,,FALSE,,FALSE,
Steel Club,Axe,Str,C,9,,70,5,1,2,-5,0,1,,,,,,,,,-3,0,2,FALSE,FALSE,FALSE,2000,Follow up is more difficult.,FALSE,,FALSE,
Ebony Club,Axe,Mag,C,9,,70,5,1,2,-5,0,1,,,,,,,,,-3,0,2,FALSE,FALSE,FALSE,2000,Follow up is more difficult.,FALSE,,FALSE,
Adamant Club,Axe,Str,C,4,,80,15,1,2,0,0,1,,,,,,,5,,0,0,,FALSE,FALSE,FALSE,2100,,FALSE,,FALSE,
Carp Streamer,Axe,Str,E,1,,95,5,1,2,10,10,1,,,,,,,,,0,0,3,FALSE,FALSE,FALSE,1000,Does anyone actually know what this thing is?,FALSE,,FALSE,
Hoe,Axe,Str,D,5,,70,5,1,2,0,0,1,,,,,,,,,0,0,3,FALSE,FALSE,FALSE,1000,Ignores terrain effects on enemies.,FALSE,,FALSE,
Pike-Ruin Club,Axe,Str,D,10,,60,5,1,2,-10,0,1,,,,,,,,,0,0,1,FALSE,FALSE,TRUE,3400,"Effective vs enemies wielding Lances, ineffective otherwise.",FALSE,,FALSE,
Throwing Club,Axe,Str,D,6,,70,0,0,1,0,0,1 ~ 2,,,,,,,,,-99,-5,1,FALSE,FALSE,FALSE,1800,Cannot crit or proc skills. Cannot double. Weak to follow up.,FALSE,,FALSE,
Dual Club,Axe,Str,C,9,,60,10,1,2,0,0,1,,,,,,,,,0,0,1,TRUE,TRUE,FALSE,3400,Reverses and doubles the effects of Weapon Triangle,FALSE,,FALSE,
Great Club,Axe,Str,C,6,,45,55,1,3,-5,-5,1,,,,,,,,,0,0,2,FALSE,FALSE,FALSE,3500,Increases crit rate and crit damage.,FALSE,,FALSE,
Tribal Club,Axe,Str,C,8,,75,15,1,2,0,-5,1,,,,,,,,,-3,0,1,FALSE,FALSE,FALSE,3000,"Critical Evade -5, ability to double attack -3",FALSE,,FALSE,
Iron Star Axe,Axe,Str,D,8,,70,0,1,2,0,0,1 ~ 2,,,,,,,,,0,0,3,FALSE,FALSE,FALSE,-,Enemy Only,FALSE,,FALSE,
Orichalcum Star Axe,Axe,Mag,D,8,,70,0,1,2,0,0,1 ~ 2,,,,,,,,,0,0,3,FALSE,FALSE,FALSE,-,Enemy Only,FALSE,,FALSE,
Solitas Base,Axe,Str,Prf,10,,60,0,1,3,0,-20,1,,,,,,,,,0,0,-,FALSE,FALSE,FALSE,-,"Chalonna only. At the start of the user's active phase, enemies within 2 spaces of the user are afflicted with -5 str/mag, recovering at a rate of 2/turn. A desperate Halberd.",TRUE,,FALSE,
Mauer Base,Axe,Str,Prf,9,,70,0,1,3,-10,10,1 ~ 2,,,,,,,,,-99,0,-,FALSE,FALSE,FALSE,-,Gawain Only. Grants the user an additional counter attack while they're defending. As stalwart Axe.,TRUE,,FALSE,
Fire,Tome,Mag,E,3,,90,0,0.5,2,0,20,1 ~ 2,,,,,,,,,0,0,2,FALSE,FALSE,FALSE,500,Halves player critical and offensive skill activation rate,TRUE,,FALSE,
Burn,Tome,Str,E,3,,90,0,0.5,2,0,20,1 ~ 2,,,,,,,,,0,0,2,FALSE,FALSE,FALSE,500,Halves player critical and offensive skill activation rate,TRUE,,FALSE,
Thunder,Tome,Mag,D,5,,80,0,1,2,0,0,1 ~ 2,,,,,,,,,0,0,2,FALSE,FALSE,FALSE,1000,,TRUE,,FALSE,
Bolt,Tome,Str,D,5,,80,0,1,2,0,0,1 ~ 2,,,,,,,,,0,0,2,FALSE,FALSE,FALSE,1000,,TRUE,,FALSE,
Fimbulvetr,Tome,Mag,C,8,,75,0,1,2,-5,0,1 ~ 2,,,,,,,,,-3,0,2,FALSE,FALSE,FALSE,2000,Follow up is more difficult.,FALSE,,FALSE,
Snap,Tome,Str,C,8,,75,0,1,2,-5,0,1 ~ 2,,,,,,,,,-3,0,2,FALSE,FALSE,FALSE,2000,Follow up is more difficult.,FALSE,,FALSE,
Ragnarok,Tome,Mag,B,11,,80,0,1,3,0,-5,1 ~ 2,,,,,,,,,0,0,4,FALSE,FALSE,FALSE,4000,Mag/Skl-2 after use in Enemy Phase. Stacks up to -4.,TRUE,0,FALSE,
Ifingr,Tome,Str,B,11,,80,0,1,3,0,-5,1 ~ 2,,,,,,,,,0,0,4,FALSE,FALSE,FALSE,4000,Str/Skl-2 after use in Enemy Phase. Stacks up to -4.,FALSE,,,
Disrobing Gale,Tome,Mag,E,4,,75,0,1,2,0,0,1 ~ 2,,,,,,,,,3,0,1,FALSE,FALSE,FALSE,1000,Follow up is easier.,FALSE,,FALSE,
Ember,Tome,Mag,E,1,,100,0,1,2,10,10,1 ~ 2,,,,,,,,,0,0,3,FALSE,FALSE,FALSE,500,Baby's first spell.,FALSE,,FALSE,
Mjolnir,Tome,Mag,C,5,,75,25,1,3,-10,0,1 ~ 2,,,,,,,,,0,0,2,FALSE,FALSE,FALSE,3000,Light,FALSE,,FALSE,
Jarnbjorn,Tome,Str,C,5,,75,25,1,3,-10,0,1 ~ 2,,,,,,,,,0,0,2,FALSE,FALSE,FALSE,3000,Light,FALSE,,FALSE,
Training Tome ,Tome,Mag,E,3,,80,0,1,2,0,15,1 ~ 2,,,,,,,,,0,0,2,FALSE,FALSE,FALSE,500,Doubles WEXP gains,FALSE,,FALSE,
Garnet Grimoire,Tome,Mag,C,9,,70,0,1,2,0,0,1,,,,,,,,,0,0,4,FALSE,TRUE,FALSE,???,A gemstone weapon that increases the effects of the Weapon Triangle,FALSE,,FALSE,
Accursed Grimoire,Tome,Mag,C,9,,65,20,1,3,0,-20,1 ~ 2,,,,,,,,,-99,0,1,FALSE,FALSE,FALSE,3000,"Critical Evade -20, critical hits deal more damage. Dark Magic.",FALSE,,FALSE,
Nosferatu,Tome,Mag,C,8,,70,0,0,1,-20,0,1 ~ 2,,,,,,,,,-99,0,2,FALSE,FALSE,FALSE,4000,Cannot double or critical. Absorbs half the damage inflicted as HP. Dark Magic,FALSE,,FALSE,
Mire,Tome,Mag,A,1,,10,0,1,2,-20,0,3 ~ 10,,,,,,,,,-99,0,,FALSE,FALSE,FALSE,6000,Siege tome. Gains Hit equal to the user's total level (must be added manually to calcs). Dark Magic.,FALSE,,FALSE,
Waste,Tome,Mag,B,9,,90,0,1,3,-20,0,1 ~ 2,,,,,,,,,0,0,4,FALSE,FALSE,FALSE,5000,"Doubles MT when used during Player Phase. Mag/Skl -2 after use in Enemy Phase. Usable by Pupils, Witchs/Warlocks, Dark Mages, Sorcerors, and Dark Knights only.",FALSE,,FALSE,
Ruin,Tome,Mag,C,14,,100,0,1,3,0,0,1 ~ 2,,,,,,,,,0,0,4,FALSE,FALSE,FALSE,3500,"Lose 30% of Max HP after any use. Usable by Pupils, Witchs/Warlocks, Dark Mages, Sorcerors, and Dark Knights only.",FALSE,,FALSE,
Reaver,Tome,Mag,C,7,,70,5,1,2,0,0,1 ~ 2,,,,,,,,,0,0,1,TRUE,TRUE,FALSE,3400,Reverses and doubles the effects of Weapon Triangle. Dark Magic,FALSE,,FALSE,
Domino,Tome,Mag,C,5,,70,0,1,2,0,0,1 ~ 2,,,,,,,,,-5,5,6,FALSE,FALSE,FALSE,---,"On hit, tag the enemy with a 'Domino' debuff which lasts for 3 turns, but can be cleared like any other debuff. When the user damages an enemy with this weapon, all 'Domino' tagged enemies, besides the target, take up to half that much damage after combat. Dark Magic.",FALSE,,FALSE,
Veloce,Tome,Mag,C,7,,70,5,1,2,0,0,1 ~ 2,,,,,,,,,4,-4,2,FALSE,FALSE,FALSE,2600,"After attacking with this weapon equipped, all allies are affected by Rally Speed. Light Magic.",FALSE,,FALSE,
Moonlight,Tome,Mag,C,7,,70,0,1,2,0,0,1 ~ 2,,,,,,,,,0,0,2,FALSE,FALSE,FALSE,1750,"When initiating combat, restore 25% of HP after combat. Dark Magic.",FALSE,,FALSE,
Lightning,Tome,Mag,A,1,,75,0,1,2,0,0,1 ~ 2,,,,,,,,,0,0,1,FALSE,FALSE,FALSE,3400,"During Player Phase, grants Brave effect. Mag/Skl-2 after use. Dark Magic.",FALSE,,FALSE,
Rat Spirit,Tome,Mag,E,3,,90,0,0.5,2,0,20,1 ~ 2,,,,2,,,,,0,0,2,FALSE,FALSE,FALSE,500,Halves player critical and offensive skill activation rate. Light Magic,FALSE,,FALSE,
Rat Familiar,Tome,Str,E,3,,90,0,0.5,2,0,20,1 ~ 2,,,,2,,,,,0,0,2,FALSE,FALSE,FALSE,500,Halves player critical and offensive skill activation rate. Light Magic,FALSE,,FALSE,
Ox Spirit,Tome,Mag,D,5,,80,0,1,2,0,0,1 ~ 2,,,,,,,2,,0,0,2,FALSE,FALSE,FALSE,1000,Light Magic,FALSE,,FALSE,
Ox Familiar,Tome,Str,D,5,,80,0,1,2,0,0,1 ~ 2,,,,,,,2,,0,0,2,FALSE,FALSE,FALSE,1000,Light Magic,FALSE,,FALSE,
Tiger Spirit,Tome,Mag,C,8,,75,0,1,2,-5,0,1 ~ 2,,,,,2,,,,-3,0,2,FALSE,FALSE,FALSE,2000,Makes it harder to double-attack. Light Magic,FALSE,,FALSE,
Tiger Familiar,Tome,Str,C,8,,75,0,1,2,-5,0,1 ~ 2,,,,,2,,,,-3,0,2,FALSE,FALSE,FALSE,2000,Makes it harder to double-attack. Light Magic,FALSE,,FALSE,
Paper,Tome,Mag,E,1,,95,0,1,2,10,10,1 ~ 2,,,,,1,,,,0,0,3,FALSE,FALSE,FALSE,500,Use for slaying enemies or writing last minute term essays. Light Magic,FALSE,,FALSE,
Monkey Spirit,Tome,Mag,D,4,,80,0,1,2,0,0,1 ~ 2,,,,1,1,-4,,2,0,0,3,FALSE,FALSE,FALSE,1400,Light Magic,FALSE,,FALSE,
Sheep Spirit,Tome,Mag,D,5,,70,0,1,2,0,0,1 ~ 2,,,,,,,1,1,0,0,2,FALSE,FALSE,FALSE,1400,Can use to recover 10 HP. Light Magic,FALSE,,FALSE,
Bird Spirit,Tome,Mag,C,5,,85,0,1,2,15,0,1 ~ 2,,,,,2,2,-2,,0,0,2,FALSE,FALSE,FALSE,2300,Light Magic,FALSE,,FALSE,
Horse Spirit,Tome,Mag,C,4,,75,0,1,2,0,0,1 ~ 2,,,,3,,,3,3,0,0,1,FALSE,FALSE,FALSE,2700,Light Magic,FALSE,,FALSE,
Playful Scroll,Tome,Mag,C,5,,85,0,1,2,0,0,1 ~ 2,,,,1,,,-2,-1,-99,0,1,FALSE,FALSE,FALSE,3000,Might is doubled when user initiates the battle. Light Magic,FALSE,,FALSE,
Glow,Tome,Str,C,11,,80,0,0,1,-20,0,1 ~ 2,,,,,,,,,0,0,4,FALSE,FALSE,FALSE,3500,Light Magic,FALSE,,FALSE,
Varsagen Base,Tome,Mag,Prf,0,,80,20,1,5,-5,-5,1 ~ 2,,,,,,,,,0,0,-,FALSE,FALSE,FALSE,-,"Chalonna's magic. Death by broken heart.
(Negates enemy Resistance/Defense and a has a Devil affect. Cannot be might forged.)",TRUE,,FALSE,
Evil Eye,Tome,Mag,E,7,,85,0,1,2,0,0,1 ~ 2,,,,,,,,,0,0,-,FALSE,FALSE,FALSE,-,Dark Magic,TRUE,,FALSE,
Demon Surge,Tome,Mag,E,11,,80,0,1,2,0,0,1 ~ 2,,,,,,,,,0,0,-,FALSE,FALSE,FALSE,-,Dark Magic,TRUE,,FALSE,
Crimson Eye,Tome,Mag,E,14,,70,5,1,2,0,0,1 ~ 2,,,,,,,,,0,0,-,FALSE,FALSE,FALSE,-,Dark Magic,TRUE,,FALSE,
Bronze Knife,Knife,Str,E,2,,100,0,0.5,2,0,20,1 ~ 2,,,,,,,,,0,0,2,FALSE,FALSE,FALSE,500,"Halves player critical and offensive skill activation rate. -1 Skill/Speed, -2 Defense/Resistance on hit.",TRUE,,FALSE,
Malachite Knife,Knife,Mag,E,2,,100,0,0.5,2,0,20,1 ~ 2,,,,,,,,,0,0,2,FALSE,FALSE,FALSE,500,"Halves player critical and offensive skill activation rate. -1 Skill/Speed, -2 Defense/Resistance on hit.",TRUE,,FALSE,
Iron Knife,Knife,Str,D,4,,90,0,1,2,0,0,1 ~ 2,,,,,,,,,0,0,2,FALSE,FALSE,FALSE,1000,"-2 Magic, -3 Defense/Resistance on hit",FALSE,,FALSE,
Orichalcum Knife,Knife,Mag,D,4,,90,0,1,2,0,0,1 ~ 2,,,,,,,,,0,0,2,FALSE,FALSE,FALSE,1000,"-2 Magic, -3 Defense/Resistance on hit",FALSE,,FALSE,
Steel Knife,Knife,Str,C,7,,85,0,1,2,-5,0,1 ~ 2,,,,,,,,,-3,0,2,FALSE,FALSE,FALSE,2000,"-3 Strength, -4 Def/Res on hit.",FALSE,,FALSE,
Ebony Knife,Knife,Mag,C,7,,85,0,1,2,-5,0,1 ~ 2,,,,,,,,,-3,0,2,FALSE,FALSE,FALSE,2000,"-3 Strength, -4 Def/Res on hit.",FALSE,,FALSE,
Silver Knife,Knife,Str,B,10,,90,0,1,3,0,-5,1 ~ 2,,,,,,,,,0,0,4,FALSE,FALSE,FALSE,4000,Str/Skl-2 after use in Enemy Phase. Stacks up to -4.,FALSE,,FALSE,
Gold Knife,Knife,Mag,B,10,,90,0,1,3,0,-5,1 ~ 2,,,,,,,,,0,0,4,FALSE,FALSE,FALSE,4000,Mag/Skl-2 after use in Enemy Phase. Stacks up to -4.,FALSE,,FALSE,
Quill Pen,Knife,Str,E,1,,110,0,1,2,10,10,1 ~ 2,,,,,,,,,0,0,3,FALSE,FALSE,FALSE,500,-1 Defense/Resistance on hit. Looks cheap. Probably came from a crow or something.,TRUE,1,FALSE,
Training Knife,Knife,Str,E,2,,90,0,1,2,0,15,1 ~ 2,,,,,,,,,0,0,2,FALSE,FALSE,FALSE,500,Doubles WEXP gains. -1 Str/Mag on hit,FALSE,,FALSE,
Lazuli Knife,Knife,Str,C,8,,80,0,1,2,0,0,1,,,,,,,,,0,0,4,FALSE,TRUE,FALSE,???,A gemstone weapon that increases the effects of the Weapon Triangle,FALSE,,FALSE,
Raider Knife,Knife,Str,E,3,,85,0,1,2,0,0,1 ~ 2,,,,,,,,,3,0,1,FALSE,FALSE,FALSE,1000,Lck/Def/Res -2 on hit. Follow up is easier.,FALSE,,FALSE,
Fruit Knife,Knife,Str,D,4,,85,0,1,2,0,0,1 ~ 2,,,,,,,,,0,0,2,FALSE,FALSE,FALSE,1400,"Can use to recover 10 HP. -2 Skl, -3 Def/Res on hit.",FALSE,,FALSE,
Binding Knife,Knife,Str,C,3,,80,0,1,2,0,0,1 ~ 2,,,,,,,-3,-3,0,0,1,FALSE,FALSE,FALSE,2700,"Effective versus Monsters. If equipped, recovers 10 HP at start of turn. -3 Mag, -4 Def/Res",FALSE,,FALSE,
Sacrificial Knife,Knife,Str,C,11,,110,0,1,2,0,0,1 ~ 2,,,,,,,,,0,0,1,FALSE,FALSE,FALSE,4000,"After combat, consume 30% of wielders total HP. Cannot reduce below 1. -8 Lck, -5 Def and Res on hit.",FALSE,,FALSE,
Caltrop,Knife,Str,B,5,,95,5,1,2,0,0,1 ~ 2,,,,,,,,,0,0,2,FALSE,FALSE,FALSE,3800,"-4 Spd on hit. On Player Phase, if damage is dealt, reduce Mov to 1 (2 if promoted unit or mounted unit) for 1 turn. ",FALSE,,FALSE,
Hunting Knife,Knife,Str,D,7,,95,0,1,3,0,0,1 ~ 2,,,,,,,,,0,0,2,FALSE,FALSE,TRUE,2500,Effective versus Beast Units; ineffective otherwise. Lck/Def/Res -3 on hit.,FALSE,,FALSE,
Brass Shuriken,Knife,Str,E,2,,90,0,0.5,2,0,20,1 ~ 2,,,,,2,,,,0,0,2,FALSE,FALSE,FALSE,500,Halves player critical and offensive skill activation rate. -1 Skill/Speed/Defense/Resistance on hit.,FALSE,,FALSE,
Malachite Shuriken,Knife,Mag,E,2,,90,0,0.5,2,0,20,1 ~ 2,,,,,2,,,,0,0,2,FALSE,FALSE,FALSE,500,Halves player critical and offensive skill activation rate. -1 Skill/Speed/Defense/Resistance on hit.,FALSE,,FALSE,
Iron Shuriken,Knife,Str,D,4,,80,0,1,2,0,0,1 ~ 2,,,,,2,,,,0,0,2,FALSE,FALSE,FALSE,1000,-2 Magic/Defense/Resistance on hit.,FALSE,,FALSE,
Orichalcum Shuriken,Knife,Mag,D,4,,80,0,1,2,0,0,1 ~ 2,,,,,2,,,,0,0,2,FALSE,FALSE,FALSE,1000,-2 Magic/Defense/Resistance on hit.,FALSE,,FALSE,
Steel Shuriken,Knife,Str,C,7,,75,0,1,2,-5,0,1 ~ 2,,,,,2,,,,-3,0,2,FALSE,FALSE,FALSE,2000,-3 Str/Def/Res on hit.,FALSE,,FALSE,
Ebony Shuriken,Knife,Mag,C,7,,75,0,1,2,-5,0,1 ~ 2,,,,,2,,,,-3,0,2,FALSE,FALSE,FALSE,2000,-3 Str/Def/Res on hit.,FALSE,,FALSE,
Chopsticks,Knife,Str,E,0,,100,0,1,2,10,10,1 ~ 2,,,,,2,,,,0,0,3,FALSE,FALSE,FALSE,500,-1 Defense/Resistance on hit. Please don't eat with them after killing something with them.,FALSE,,FALSE,
Sting Shuriken,Knife,Str,D,7,,90,0,1,2,0,0,1 ~ 2,,,,,2,,,,0,0,1,FALSE,FALSE,TRUE,2500,"Effective vs Armored units; ineffective otherwise. . Skl -3, Def/Res -2 on hit.",FALSE,,FALSE,
Agile Needle,Knife,Str,C,3,,90,0,1,2,0,0,1 ~ 2,,,,,2,,,,0,0,1,FALSE,FALSE,FALSE,3000,"After a battle initiated by the user, Speed +4 to allies within a 2 tile radius. [Spd/Def/Res -4]",FALSE,,FALSE,
Flame Shuriken,Knife,Mag,C,9,,75,0,0,0,-20,0,1 ~ 2,,,,,2,,,,0,0,4,FALSE,FALSE,FALSE,3300,,FALSE,,FALSE,
Barb Shuriken,Knife,Str,C,4,,80,25,1,3,-10,0,1 ~ 2,,,,,2,,,,0,0,2,FALSE,FALSE,FALSE,3000,"-4 Lck, -3 Def and Res on hit.",FALSE,,FALSE,
Carving Knife,Knife,Str,C,3,,75,0,1,2,5,0,1 ~ 2,,,,,5,,-1,-1,0,0,1,FALSE,FALSE,FALSE,3000,-2 Magic/Defense/Resistance on hit.,FALSE,,FALSE,
Dual Shuriken,Knife,Str,C,6,,70,5,1,2,0,0,1 ~ 2,,,,,2,,,,0,0,1,TRUE,TRUE,FALSE,3400,"Reverses and doubles the effects of Weapon Triangle. Str/Mag -2, Def/Res -4",FALSE,,FALSE,
Potent Star,Knife,Str,C,3,,90,0,1,2,0,0,1 ~ 2,,,,,2,,,,0,0,1,FALSE,FALSE,FALSE,3000,"After a battle initiated by the user, Strength +4 to allies within a 2 tile radius. [Str/Def/Res -4]",TRUE,,FALSE,
Spy's Shuriken,Knife,Str,A,1,,70,0,1,2,-20,0,3,,,,,2,,,,-99,0,6,FALSE,FALSE,FALSE,8000,"Str/Mag/Skl/Spd/Lck -2, Def/Res -5",TRUE,,FALSE,
Velidan Base,Knife,Str,C,11,,70,0,1,3,-5,0,1 ~ 2,,,,,,,,,-99,3,10,FALSE,FALSE,FALSE,-,Morigan only. Can't double. Harder to double. A sinister dagger. [Str/Mag/Skill/Spd/Lck/Def/Res/Mov -2],TRUE,,FALSE,
Eyes Like Daggers,Knife,Str,E,7,,85,0,1,2,0,0,1 ~ 2,,,,,,,,,0,0,-,FALSE,FALSE,FALSE,-,,TRUE,,FALSE,
Bronze Bow,Bow,Str,E,6,,90,0,0.5,2,0,20,2,,,,,,,,,0,0,2,FALSE,FALSE,FALSE,500,Halves player critical and offensive skill activation rate,TRUE,,FALSE,
Malachite Bow,Bow,Mag,E,6,,90,0,0.5,2,0,20,2,,,,,,,,,0,0,2,FALSE,FALSE,FALSE,500,Halves player critical and offensive skill activation rate,TRUE,,FALSE,
Iron Bow,Bow,Str,D,8,,80,0,1,2,0,0,2,,,,,,,,,0,0,2,FALSE,FALSE,FALSE,1000,,FALSE,,FALSE,
Iron Shortbow,Bow,Str,D,8,,80,0,1,2,0,0,1 ~ 2,,,,,,,,,0,0,2,FALSE,FALSE,FALSE,1000,,FALSE,,FALSE,
Orichalcum Bow,Bow,Mag,D,8,,80,0,1,2,0,0,2,,,,,,,,,0,0,2,FALSE,FALSE,FALSE,1000,,FALSE,,FALSE,
Steel Bow,Bow,Str,C,11,,75,0,1,2,-5,0,2,,,,,,,,,-3,0,2,FALSE,FALSE,FALSE,2000,Follow up is more difficult.,FALSE,,FALSE,
Ebony Bow,Bow,Mag,C,11,,75,0,1,2,-5,0,2,,,,,,,,,-3,0,2,FALSE,FALSE,FALSE,2000,Follow up is more difficult.,FALSE,,FALSE,
Silver Bow,Bow,Str,B,15,,80,0,1,3,0,-5,2,,,,,,,,,0,0,4,FALSE,FALSE,FALSE,4000,Str/Skl-2 after use in Enemy Phase. Stacks up to -4.,FALSE,,TRUE,
Gold Bow,Bow,Mag,B,15,,80,0,1,3,0,-5,2,,,,,,,,,0,0,4,FALSE,FALSE,FALSE,4000,Mag/Skl-2 after use in Enemy Phase. Stacks up to -4.,FALSE,,FALSE,
Brave Bow,Bow,Str,A,7,,65,0,1,2,0,0,2,,,,,,,,,0,0,4,FALSE,FALSE,FALSE,8000,"Allows the user to attack an additional time everytime they attack.
Checks the user's offensive stats (Skill+Spd) vs the user's defensive stats (Def+Res). If the offensive total is greater, the user suffers -5 Off spd while using this weapon. Otherwise, they suffer -4 def/res.",FALSE,,FALSE,
Rubber Bow,Bow,Str,E,3,,100,0,1,2,10,10,2,,,,,,,,,0,0,3,FALSE,FALSE,FALSE,500,Doubles as a sex toy for the adventurous. *Finger Guns*,FALSE,,FALSE,
Training Bow ,Bow,Str,E,4,,80,0,0,2,0,15,2,,,,,,,,,0,0,2,FALSE,FALSE,FALSE,500,Doubles WEXP Gains,FALSE,,FALSE,
Jade Bow,Bow,Str,C,13,,70,0,1,2,0,0,1,,,,,,,,,0,0,4,FALSE,TRUE,FALSE,???,A gemstone weapon that increases the effects of the Weapon Triangle,FALSE,,TRUE,
Hunter's Bow,Bow,Str,C,6,,85,0,1,2,-10,0,2,,,,,,,,,0,0,1,FALSE,FALSE,TRUE,2700,"Effective against horse/beast units, ineffective otherwise",FALSE,,FALSE,
Killer Bow,Bow,Str,C,7,,75,25,1,3,-10,0,2,,,,,,,,,0,0,2,FALSE,FALSE,FALSE,3000,Deals extra damage on critical hits.,FALSE,,FALSE,
Mini Bow,Bow,Str,C,7,,75,0,1,2,-10,0,1,,,,,,,,,0,0,2,FALSE,FALSE,FALSE,2500,,FALSE,,FALSE,
Merciful Bow,Bow,Str,C,4,,75,0,1,2,-10,0,2,,,,,,,-2,-2,-99,0,1,FALSE,FALSE,FALSE,3000,"Fatal hits leave the enemy with 1 HP, cannot double attack, Defense/Resistance -2",FALSE,,FALSE,
Brass Yumi,Bow,Str,E,7,,80,0,0.5,2,0,20,2,,,,,,,,2,0,0,2,FALSE,FALSE,FALSE,500,Halves player critical and offensive skill activation rate,FALSE,,FALSE,
Malachite Yumi,Bow,Mag,E,7,,80,0,0.5,2,0,20,2,,,,,,,,2,0,0,2,FALSE,FALSE,FALSE,500,Halves player critical and offensive skill activation rate,FALSE,,FALSE,
Iron Yumi,Bow,Str,D,9,,70,0,1,2,0,0,2,,,,,,,,2,0,0,2,FALSE,FALSE,FALSE,1000,,FALSE,,FALSE,
Orichalcum Yumi,Bow,Mag,D,9,,70,0,1,2,0,0,2,,,,,,,,2,0,0,2,FALSE,FALSE,FALSE,1000,,FALSE,,FALSE,
Steel Yumi,Bow,Str,C,12,,65,0,1,2,-5,0,2,,,,,,,,2,-3,0,2,FALSE,FALSE,FALSE,2000,Follow up is more difficult.,FALSE,,FALSE,
Ebony Yumi,Bow,Mag,C,12,,65,0,1,2,-5,0,2,,,,,,,,2,-3,0,2,FALSE,FALSE,FALSE,2000,Follow up is more difficult.,FALSE,,FALSE,
Bamboo Yumi,Bow,Str,E,4,,90,0,1,2,10,10,2,,,,,,,,2,0,0,3,FALSE,FALSE,FALSE,500,Actually looks like it might be a reasonable weapon.,FALSE,,FALSE,
Raider Yumi,Bow,Str,E,6,,65,0,1,2,0,0,2,,,,,,,,2,3,0,1,FALSE,FALSE,FALSE,1000,Follow up is easier.,FALSE,,FALSE,
Harp Yumi,Bow,Str,D,6,,65,0,1,2,0,0,2,,,,,,,,2,0,0,2,FALSE,FALSE,FALSE,1500,"After a battle initiated by the user, Resistance +4 to allies within a 2 tile radius",FALSE,,FALSE,
Draining Yumi,Bow,Str,D,7,,55,0,1,2,0,0,2,,,,,,,,,0,0,1,FALSE,FALSE,FALSE,3000,"Upon a successful hit, enemy's Skill/Speed/Defense -4",FALSE,,FALSE,
Dual Yumi,Bow,Str,C,11,,55,5,1,2,0,0,2,,,,,,,,2,0,0,1,TRUE,TRUE,FALSE,3400,Reverses and doubles the effects of Weapon Triangle,FALSE,,FALSE,
Illusory Yumi,Bow,Str,C,8,,65,0,1,2,-10,0,2,,,,,,,,10,0,0,2,FALSE,FALSE,FALSE,1500,,FALSE,,FALSE,
Surefire Yumi,Bow,Str,B,10,,120,0,1,2,-30,0,2,,,,,,,-4,-2,0,0,2,FALSE,FALSE,FALSE,2800,,FALSE,,FALSE,
Iron Hankyu,Bow,Str,D,9,,70,0,1,2,0,0,1 ~ 2,,,,,,,,2,0,0,3,FALSE,FALSE,FALSE,1000,Enemy Only,FALSE,,FALSE,
Tyrannus Base,Bow,Str,C,11,,60,0,1,3,0,0,2,,,,,,,,,0,0,10,FALSE,FALSE,FALSE,-,Jeffray Only. A ferocious bow.,FALSE,,FALSE,
Beastcharm,Stone,Str,E,5,,85,0,0.5,2,5,0,1,,,,1,1,,1,1,0,0,2,FALSE,FALSE,FALSE,1000,Halves player critical and offensive skill activation rate,FALSE,,FALSE,
Wildcharm,Stone,Mag,E,5,,85,0,0.5,2,5,0,1,,,,1,1,,1,1,0,0,2,FALSE,FALSE,FALSE,1000,Halves player critical and offensive skill activation rate,FALSE,,FALSE,
Beaststone,Stone,Str,D,6,,90,5,1,2,10,10,1,,,,5,3,,-2,,0,0,2,FALSE,FALSE,FALSE,2000,,FALSE,,FALSE,
Wildstone,Stone,Mag,D,6,,90,5,1,2,10,10,1,,,,5,3,,-2,,0,0,2,FALSE,FALSE,FALSE,2000,,FALSE,,FALSE,
Beastrune,Stone,Str,C,9,,80,0,1,2,0,10,1,,,,-2,-1,,4,5,0,0,1,FALSE,FALSE,FALSE,2700,,FALSE,,FALSE,
Dragoncharm,Stone,Mag,E,5,,85,0,0.5,2,0,0,1,,,,,,,2,2,0,0,2,FALSE,FALSE,FALSE,500,Halves player critical and offensive skill activation rate,FALSE,,FALSE,
Dragonstone,Stone,Mag,D,6,,80,0,1,2,0,0,1,,,,-1,,,3,3,0,0,2,FALSE,FALSE,FALSE,1000,,FALSE,,FALSE,
Dragonrune,Stone,Mag,C,9,,80,0,1,2,0,10,1,,,,5,,4,-2,-2,0,0,1,FALSE,FALSE,FALSE,2700,,FALSE,,FALSE,
Boulder,Stone,Str,B,5,,100,-10,1,2,-10,10,1 ~ 8,,,,,,,,,-99,0,--,FALSE,FALSE,FALSE,-,,FALSE,,FALSE,
Fiery Fang,Stone,Str,D,6,,90,0,1,2,0,0,1,,,,,,,,,0,0,--,FALSE,FALSE,FALSE,-,,TRUE,,FALSE,
Hellfang,Stone,Str,B,12,,90,0,1,2,0,-5,1,,,,,,,,,0,0,--,FALSE,FALSE,FALSE,-,,TRUE,,FALSE,
Rotten Claw,Stone,Str,D,7,,80,0,1,2,0,0,1,,,,,,,,,0,0,--,FALSE,FALSE,FALSE,-,,FALSE,,FALSE,
Fetid Claw,Stone,Str,B,14,,75,0,1,2,0,-5,1,,,,,,,,,0,0,--,FALSE,FALSE,FALSE,-,,TRUE,1,FALSE,
Heal,Staff,Mag,E,,20,0,0,0,0,0,0,1,,,,,,,,,,,,,,25,500,Restores (7 + Mag/3) HP to an ally.,FALSE,,FALSE,
Mend,Staff,Mag,D,,15,0,0,0,0,0,0,1,,,,,,,,,,,,,,30,1000,Restores (14 + Mag/3) HP to an ally.,FALSE,,FALSE,
Physic,Staff,Mag,C,,10,0,0,0,0,0,0,1 ~ 7,,,,,,,,,,,,,,25,3000,Restores (05 + Mag/3) HP to an ally.,FALSE,,FALSE,
Recover,Staff,Mag,B,,5,0,0,0,0,0,0,1,,,,,,,,,,,,,,35,3000,Restores (25 + Mag/3) HP to an ally.,FALSE,,FALSE,
Rehabilitate,Staff,Mag,C,,20,0,0,0,0,0,0,1,,,,,,,,,,,,,,10/30/1950,1500,"Restores [(5+Mag)/3] to an ally above 50% HP, [(5+Mag)/2] to an ally under 50%, (5+Mag) to an ally under 30%, and will fully heal and ally under 10%.",FALSE,,FALSE,
Bloom Festal,Staff,Mag,E,,20,0,0,0,0,0,0,1 ~ 2,,,,,,,,,,,,,,25,500,Restores (05 + Mag/3) HP to an ally,FALSE,,FALSE,
Sun Festal,Staff,Mag,D,,15,0,0,0,0,0,0,1 ~ 2,,,,,,,,,,,,,,30,1000,Restores (10 + Mag/3) HP to an ally,FALSE,,FALSE,
Moon Festal,Staff,Mag,B,,5,0,0,0,0,0,0,1 ~ 2,,,,,,,,,,,,,,35,3000,Restores (17 + Mag/3) to an ally.,FALSE,,FALSE,
Martyr,Staff,Mag,C,,20,0,0,0,0,0,0,1 ~ 2,,,,,,,,,,,,,,10/30/1950,1500,"Restores [(5+Mag)/3] to an ally if the user is above 50% HP, [(5+Mag)/2] to an ally if user under 50%, (5+Mag) to an ally if user is under 30%, and will fully heal and ally if user is under under 10%.",FALSE,,FALSE,
Freeze,Staff,Mag,C,,5,80,0,0,0,0,0,1 ~ 7,,,,,,,,,,,,,,20,1800,Inflicts Immobilize for 1 turns. Inflicts Avo -20 to target.,FALSE,,FALSE,
Silence,Staff,Mag,C,,5,80,0,0,0,0,0,1 ~ 10,,,,,,,,,,,,,,20,2400,Inflicts Silence for 1 turns.,FALSE,,FALSE,
Rescue,Staff,Mag,D,,5,0,0,0,0,0,0,1 ~ 10,,,,,,,,,,,,,,25,3800,Moves an ally in range next to the user.,FALSE,,FALSE,
Enfeeble,Staff,Mag,C,,6,70,0,0,0,0,0,1 ~ 7,,,,,,,,,,,,,,30,6000,"Target suffers -4 to all non hp stats, recovers at a rate of 1/turn",FALSE,,FALSE,
Enflame,Staff,Mag,A,,10,90,5,1,2,0,10,1 ~ 2,,,,,,,,,0,0,4,FALSE,FALSE,FALSE,???,"A staff that is used as though it were a weapon. The user cannot be countered on their active phase, but cannot counter on their enemies active phase. The user regains HP equal to half the damage dealt in combat.",FALSE,,FALSE,
Restore,Staff,Mag,B,,10,0,0,0,0,0,0,1 ~ 7,,,,,,,,,,,,,,10,4000,Restores (0 + Mag/3) HP to an ally and removes all debuffs on the target. +1 exp for each stat point recovered.,FALSE,,FALSE,
Petrify,Staff,Mag,E,,1,55,0,0,0,0,0,1 ~ 3,,,,,,,,,,,,,,--,--,Inflicts the 'stone' condition,FALSE,,FALSE,
Oblivion Armament,Lance,Str,C,9,,100,0,1,2,-5,0,1,,,,,,,,,-3,0,4,FALSE,FALSE,FALSE,4000,"Steel Lance +2 [August, -1 Might, +5 Hit].",FALSE,,FALSE,
Cursed Maw,Axe,Mag,C,13,,65,0,1,2,-5,0,1,,,,,,,,,-3,0,2,FALSE,FALSE,FALSE,3000,"Ebony Axe +1 [Kate, +2 Might].",FALSE,,FALSE,
Coastal Marauder,Axe,Str,C,13,,80,30,1,3,0,-20,1,,,,,,,,,0,-5,1,FALSE,FALSE,FALSE,6000,"Execution Axe +2. [Salts, +4 Hit].",FALSE,,FALSE,
Bell's Grimoire,Tome,Mag,E,8,,75,0,1,2,0,15,1 ~ 2,,,,,,,,,0,0,2,FALSE,FALSE,FALSE,1000,"Training Tome +2. [Bell, +5 Might, -1 Hit].",FALSE,,FALSE,
Wizard's Wind,Tome,Mag,E,6,,75,6,1,2,0,0,1 ~ 2,,,,,,,,,3,0,1,FALSE,FALSE,FALSE,1000,"Disrobing Gale  +2. [Albert, +2 Might, +2 Crit].",FALSE,,FALSE,
Wrist Launcher,Knife,Str,D,7,,95,0,1,2,0,0,1 ~ 2,,,,,,,,,0,0,2,FALSE,FALSE,FALSE,2000,"Iron Knife +2. [Felix, +3 Might, +1 Hit]",FALSE,,FALSE,
Bortus's Axe,Axe,Str,C,19,,65,0,1,2,-5,0,1,,,,,,,,,-8,0,0,FALSE,FALSE,FALSE,4500,"Steel Axe +1 [Bortus, +2 Might]. Blunt Gem, Fire Gem",FALSE,,FALSE,
Yorick's Scroll,Tome,Mag,D,6,,80,0,1,2,0,0,1 ~ 2,,,,1,1,-4,,2,0,0,3,FALSE,FALSE,FALSE,2100,"Monkey Spirit +1 [Yorick, +2 Might].",FALSE,,FALSE,
Alejandro's Scroll,Tome,Mag,C,8,,90,0,1,2,15,0,1 ~ 2,,,,,3,2,-6,-4,0,0,2,FALSE,FALSE,FALSE,4600,"Bird Spirit +6 [Alejandro, +3 Might, +1 Spd, Brave].",FALSE,,FALSE,
Roxanne's Tome,Tome,Mag,C,9,,70,0,1,2,0,0,1 ~ 2,,,,,,,,,0,0,2,FALSE,FALSE,FALSE,2625,"Moonlight +1 [Roxanne, +2 Might]. When initiating combat, restore 25% of HP after combat.",FALSE,,FALSE,
Roxanne's Shuriken,Knife,Str,D,8,,80,0,1,2,0,0,1 ~ 2,,,,,2,,,,0,0,2,FALSE,FALSE,FALSE,1500,"Iron Shuriken +2 [Roxanne, +4 Might]. -2 Magic/Defense/Resistance on hit.",FALSE,,FALSE,
Marco's Sword,Sword,Str,D,12,,90,0,1,2,0,0,1,,,,,,,,,0,0,2,FALSE,FALSE,FALSE,1500,"Iron Sword +3 [Marco, +6 Might].",FALSE,,FALSE,
Marco's Axe,Axe,Str,D,10,,70,0,1,2,0,0,1,,,,,,,,,0,0,2,FALSE,FALSE,FALSE,1500,"Iron Axe +1 [Marco, +2 Might].",FALSE,,FALSE,
Schala's Tome,Tome,Mag,D,7,,80,0,1,2,0,0,1 ~ 2,,,,,,,,,0,0,2,FALSE,FALSE,FALSE,1500,"Thunder +1 [Schala, +2 Might].",FALSE,,FALSE,
Rasturna's Club,Axe,Str,C,8,,77,15,1,2,0,0,1,,,,,,,5,,5,0,0,FALSE,FALSE,FALSE,6250,"Adamant Club +3 [Rasturna, +7 Might, -1 Hit]. Handicraft Gem",FALSE,,FALSE,
Chura's Shuriken,Knife,Str,C,10,,72,3,1,2,-5,0,1 ~ 2,,,,,2,,1,,-3,0,0,FALSE,FALSE,FALSE,4200,"Steel Shuriken +1 [Chura, +3 Might, -1 Hit]. Thunder Gem, Defense Gem. -3 Str/Def/Res on hit.",FALSE,,FALSE,
Girl's Shuriken,Knife,Str,C,6,,87,0,1,2,0,0,1 ~ 2,,,,,2,,,,0,0,1,FALSE,FALSE,FALSE,4500,"Agile Needle +1 [Girl, +3 Might, -1 Hit]. After a battle initiated by the user, Speed +4 to allies within a 2 tile radius. [Spd/Def/Res -4]",FALSE,,FALSE,
Guy's Bow,Bow,Str,D,17,,80,0,1,2,0,0,2,,,,,,,,,0,0,1,FALSE,FALSE,FALSE,3500,"Iron Bow +4 [Guy, +8 Might]. Fire Gem",FALSE,,FALSE,
Guy's Katana,Sword,Str,C,8,,82,0,1,2,20,0,1,,,,,1,,-1,-1,0,0,1,FALSE,FALSE,FALSE,3000,"Sunrise Katana +1 [Guy, +3 Might, -1 Hit].",FALSE,,FALSE,
Royal Fidget Spinner,Knife,Str,D,4,,80,0,1,2,5,0,1 ~ 2,,,,,8,,,,0,0,1,FALSE,FALSE,FALSE,4500,"Iron Shuriken +6 [Milord, +6 Speed]. Wind Gem. -2 Mag/Def/Res on hit.",FALSE,,FALSE,
Royal Knight's Shield,Lance,Str,C,8,,55,0,1,2,-10,0,1,,,,,,,4,5,0,0,0,FALSE,FALSE,FALSE,4500,"Guard Naginata +0 [Retainer, --]. Res Gem.",FALSE,,FALSE,
Resolve,Lance,Str,D,14,,80,0,1,2,0,0,1,,,,,,,,,0,0,1,FALSE,FALSE,FALSE,3000,"Iron Lance +3 [Jermane, +6 Might]. Fire Gem.",FALSE,,FALSE,
Final Blow,Bow,Str,C,8,,75,25,1,3,-5,0,2,,,,,,,,,0,0,2,FALSE,FALSE,FALSE,4000,"Killer Bow +0. [Cass, --]. Fire Gem, Wind Gem",FALSE,,FALSE,
Reinforced Bow,Bow,Str,D,12,,80,0,1,2,0,0,2,,,,,,,,,0,0,2,FALSE,FALSE,FALSE,2000,"Iron Bow +2 [Cass, +4 Might].",FALSE,,FALSE,
Ego,Tome,Mag,C,9,,76,0,1,2,0,0,1 ~ 2,,,,,,,,,0,0,2,FALSE,FALSE,FALSE,1750,"Moonlight +2 [Bonnie, +2 Might, +2 Hit].",FALSE,,FALSE,
Its Own,Bow,Str,E,7,,74,0,1,2,0,0,2,,,,,2,,,2,3,0,1,FALSE,FALSE,FALSE,1000,"Raider Yumi +4 [Clyde, +1 Might, +3 Hit, +2 Spd].",FALSE,,FALSE,
Clarent,Lance,Str,Prf,22,,65,0,2,2,0,0,1,,1,,,1,,,,0,0,7,FALSE,FALSE,FALSE,-,"Clarent B +4 [Jeff, +8 Might] Twin Fire Gem, Strength Gem, Speed Gem",FALSE,,FALSE,
Tyrannus,Bow,Str,Prf,12,,60,36,1,3,0,0,2,,,,1,,,,,0,0,7,FALSE,FALSE,FALSE,-,"Tyrannus B +4 [Jeff, +8 Crit] Thunder Gem, Twin Thunder Gem, Skill Gem, Fire Gem",FALSE,,FALSE,
Rishar,Sword,Mag,Prf,11,,80,10,1,2,0,15,1 ~ 2,,,,,,,3,3,0,0,7,FALSE,FALSE,FALSE,-,"Rishar B +4 [Glenn, +2 Def, +2 Res]. Def Gem, Res Gem, Water Gem",FALSE,,FALSE,
Velidan,Knife,Str,Prf,14,,110,3,1,3,-5,0,1 ~ 2,,,,1,,,,,-99,-3,7,FALSE,FALSE,FALSE,-,"Velidan B +4 [Morigan, +5 Hit, +3 Might]. Skill Gem, Thunder Gem, Twin Ice Gem",FALSE,,FALSE,
Dindrane,Staff,Mag,C,3,,90,0,0,0,0,0,1 ~ Mag/2,,,,,,,,,,,,,,40,-,"Arthura Only. Effects change depending on whether the target is an ally or an enemy. Regains all uses at the end of the map. (Recover 1/turn)
Ally is targeted; they gain +4 in all Non-Hp Stats, except Mov which nets +2. Moves target to another spot within the stave's range.
Enemy is targeted; they take -4 to all Non-Hp Stats, except Mov which nets -2. Moves target to another spot within the stave's range.",FALSE,,FALSE,
Depit,Staff,Mag,C,10,,110,2,1,2,15,25,1 ~ 2,,,,,,,2,2,0,0,7,FALSE,FALSE,FALSE,-,"Enflame +4 [Damia, +2 Def, +2 Res, +1 Hit, -1 Crit]. Twin Water Gem. Twin Wind Gem. Twin Ice Gem. Unscathed Gem.",FALSE,,FALSE,
Arnyek,Tome,Mag,C,13,,110,9,1,2,0,15,1 ~ 2,,,,,,,,,-10,5,7,FALSE,FALSE,FALSE,-,"Domino +4 [Rel, +8 Hit]. Twin Water Gem. Twin Fire Gem. Twin Thunder Gem. Blunt Gem.",FALSE,,FALSE,
Vento,Lance,Str,A,11,,100,9,1,3,0,0,1,,,,,,,,,5,0,7,FALSE,FALSE,FALSE,-,"Brave Lance +4 [Brun. +4 Might, +4 Hit.] Twin Ice Gem. Twin Fire Gem. Twin Thunder Gem. Handicraft Gem",FALSE,,FALSE,
Aurum,Bow,Str,B,14,,95,36,1,3,15,-5,2,,,,,,,,,0,0,7,FALSE,FALSE,FALSE,-,"Silver Bow +4. [Gisela, +9 Crit, -1 Might]. Twin Ice Gem. Twin Thunder Gem. Twin Wind Gem. Mycology Gem.",FALSE,,FALSE,
Solitas,Axe,Str,Prf,16,,100,0,1,3,0,-20,1,,,,,,,,,0,5,7,FALSE,FALSE,FALSE,-,"Solitas B +4. [Chalonna, +4 Might, +4 Hit]. Fire Gem, Twin Fire Gem, Ice Gem, Twin Ice Gem, Wary Gem.",FALSE,,FALSE,
Varsagen,Tome,Mag,Prf,0,,100,53,1,5,-5,-5,1 ~ 2,,,1,,,,,,0,5,7,FALSE,FALSE,FALSE,-,"Varsagen B +4. [Chalonna, +7 Crit, +1 Hit]. Thunder Gem, Twin Thunder Gem, Twin Ice Gem, Magic Gem, Wary Gem.",FALSE,,FALSE,
Mauer,Axe,Str,Prf,18,,85,0,1,3,-10,25,1 ~ 2,,,,,,,,,-99,5,7,FALSE,FALSE,FALSE,-,"Mauer B +4. [Gawain, +8 Might]. Twin Ice Gem, Twin Fire Gem, Twin Water Gem, Wary Gem",FALSE,,FALSE,
Ramuh,Lance,Mag,C,10,,80,49,1,3,5,0,1,,,,,,,,,0,0,7,FALSE,FALSE,FALSE,-,"Killer Lance +6. [Spinel, +5 Crit, Stat Change]. Twin Thunder Gem, Twin Fire Gem, Twin Wind Gem, Ice Gem.",FALSE,,FALSE,
Lux,Tome,Mag,C,8,,75,15,1,2,-5,0,1 ~ 2,,,,,2,,,,-3,0,7,FALSE,FALSE,FALSE,-,"Tiger Spirit +2. [Estelle, +4 Crit]. Thunder Gem.",FALSE,,FALSE,
Escuri,Knife,Mag,C,12,,85,0,1,2,-5,0,1 ~ 2,,,,,,,,,-3,0,7,FALSE,FALSE,FALSE,-,"Ebony Knife +2. [Domini, +4 Might]. Fire Gem",FALSE,,FALSE,
Tempest,Sword,Str,B,16,,105,0,1,2,15,-5,1,,,,4,1,,-1,-1,0,0,7,FALSE,FALSE,FALSE,-,"Silver Katana +4. [Markov, +4 Skill.] Fire Gem, Twin Fire Gem, Twin Ice Gem, Twin Wind Gem",FALSE,,FALSE,
TempestR,Sword,Str,B,16,,105,0,1,2,15,-5,1,,,,4,1,,-1,-1,0,0,-,FALSE,FALSE,FALSE,-,"Silver Katana +4. [Markov, +4 Skill.] Fire Gem, Twin Fire Gem, Twin Ice Gem, Twin Wind Gem",FALSE,,FALSE,
TempestB,Lance,Str,B,16,,105,0,1,2,15,-5,1,,,,4,1,,-1,-1,0,0,-,FALSE,FALSE,FALSE,-,"Silver Katana +4. [Markov, +4 Skill.] Fire Gem, Twin Fire Gem, Twin Ice Gem, Twin Wind Gem",FALSE,,FALSE,
TempestG,Axe,Str,B,16,,105,0,1,2,15,-5,1,,,,4,1,,-1,-1,0,0,-,FALSE,FALSE,FALSE,-,"Silver Katana +4. [Markov, +4 Skill.] Fire Gem, Twin Fire Gem, Twin Ice Gem, Twin Wind Gem",TRUE,,FALSE,
Pathrazer,Lance,Str,A,16,,90,0,1,1.5,-10,10,1 ~ 3,,,,,,,,,-99,0,7,FALSE,FALSE,FALSE,-,"Siegebreaker's Partisan +4. [Timsh, +1 Might, Drain Effect]. Twin Fire Gem, Twin Ice Gem, Twin Water Gem, Blunt Gem",FALSE,,FALSE,
Maximus,Sword,Str,C,15,,85,46,1,3,5,0,1,,,,,,,,,0,-5,7,FALSE,FALSE,FALSE,-,"Killing Edge +4. [Aurelus, +4 Might, +4 Crit]. Twin Fire Gem, Twin Thunder Gem, Twin Wind Gem, Reckless Gem",FALSE,,FALSE,
Wooden Blade,Sword,Str,E,22,,105,0,1,2,0,15,1,18,,,,,,,,0,0,-,FALSE,FALSE,FALSE,-,"Training Sword +14. [???, +15 Might, Distant Attack, +6 HP]. Regem. Twin Fire Gem. Twin Ice Gem. Mycology Gem.",TRUE,,FALSE,
Vulnerary(3),Item,,,,3,,,,,,,,,,,,,,,,,,,,,,300,Heals 10 HP.,FALSE,,FALSE,
Vulnerary(2),Item,,,,2,,,,,,,,,,,,,,,,,,,,,,200,Heals 10 HP.,FALSE,,FALSE,
Vulnerary(1),Item,,,,1,,,,,,,,,,,,,,,,,,,,,,100,Heals 10 HP.,TRUE,,FALSE,
Concoction(2),Item,,,,2,,,,,,,,,,,,,,,,,,,,,,600,Heals 20 HP.,FALSE,,FALSE,
Concoction(1),Item,,,,1,,,,,,,,,,,,,,,,,,,,,,300,Heals 20 HP.,FALSE,,FALSE,
Elixir(1),Item,,,,1,,,,,,,,,,,,,,,,,,,,,,900,Heals 40 HP.,TRUE,1,FALSE,
Panacea(3),Item,,,,3,,,,,,,,,,,,,,,,,,,,,,300,Restores status ailments and debuffs.,FALSE,,FALSE,
Panacea(2),Item,,,,2,,,,,,,,,,,,,,,,,,,,,,200,Restores status ailments and debuffs.,FALSE,,FALSE,
Panacea(1),Item,,,,1,,,,,,,,,,,,,,,,,,,,,,100,Restores status ailments and debuffs.,FALSE,,FALSE,
Warp Powder(1),Item,,,,1,,,,,,,,,,,,,,,,,,,,,,2500,"Warps the unit to any free tile within Luck/2. Certain areas cannot be warped into, at GM's discretion.",FALSE,,FALSE,
Seed of Trust,Item,,,,1,,,,,,,,,,,,,,,,,,,,,,-,Grants support points between the user and the unit they are paired up with or with an adjacent unit.,FALSE,,FALSE,
Arms Scroll,Item,,,,1,,,,,,,,,,,,,,,,,,,,,,5000,"The user chooses one of their weapon ranks, which automatically boosts up to the next rank. ",FALSE,,FALSE,
HP Tonic,Item,,,,1,,,,,,,,,,,,,,,,,,,,,,350,Grants Max HP + 5 for one chapter.,FALSE,,FALSE,
Str Tonic,Item,,,,1,,,,,,,,,,,,,,,,,,,,,,350,Grants Strength + 2 for one chapter.,FALSE,,FALSE,
Mag Tonic,Item,,,,1,,,,,,,,,,,,,,,,,,,,,,350,Grants Magic + 2 for one chapter.,FALSE,,FALSE,
Skl Tonic,Item,,,,1,,,,,,,,,,,,,,,,,,,,,,350,Grants Skill + 2 for one chapter.,FALSE,,FALSE,
Spd Tonic,Item,,,,1,,,,,,,,,,,,,,,,,,,,,,350,Grants Speed + 2 for one chapter.,FALSE,,FALSE,
Lck Tonic,Item,,,,1,,,,,,,,,,,,,,,,,,,,,,350,Grants Luck + 4 for one chapter.,FALSE,,FALSE,
Def Tonic,Item,,,,1,,,,,,,,,,,,,,,,,,,,,,350,Grants Defense + 2 for one chapter.,FALSE,,FALSE,
Res Tonic,Item,,,,1,,,,,,,,,,,,,,,,,,,,,,350,Grants Resistance + 2 for one chapter.,TRUE,,FALSE,
Giant's Might,Item,,,,1,,,,,,,,,,,,,,,,,,,,,,500,Grants +2 Str/Mag for one chapter.,TRUE,,FALSE,
Duelist's Draft,Item,,,,1,,,,,,,,,,,,,,,,,,,,,,500,Grants +2 Skl/Spd for one chapter.,FALSE,,FALSE,
Steadfast Vigor,Item,,,,1,,,,,,,,,,,,,,,,,,,,,,500,Grants +2 Def/Res for one chapter.,FALSE,,FALSE,
Door Key,Item,,,,1,,,,,,,,,,,,,,,,,,,,,,300,Opens a door.,FALSE,,FALSE,
Chest Key,Item,,,,1,,,,,,,,,,,,,,,,,,,,,,300,Opens a chest.,FALSE,,FALSE,
Tom's Key,Item,--,,,,,,,,,,,,,,,,,,,,,,,,,--,A key to Tom's uncle's cabin.,FALSE,,FALSE,
Accessories,,,,,,,,,,,,,,,,,,,,,,,,,,,,,FALSE,,FALSE,
HP Trinket,Accessory,,,,,,,,,,,,,,,,,,,,,,,,,,3500,"Grants the ""HP+"" skill while equipped. This instance of the skill stacks with other instances.",FALSE,,FALSE,
Str Trinket,Accessory,,,,,,,,,,,,,,,,,,,,,,,,,,4000,"Grants the ""Str+"" skill  while equipped. This instance of the skill stacks with other instances.",FALSE,,FALSE,
Mag Trinket,Accessory,,,,,,,,,,,,,,,,,,,,,,,,,,4000,"Grants the ""Mag+"" skill while equipped. This instance of the skill stacks with other instances.",FALSE,,FALSE,
Skl Trinket,Accessory,,,,,,,,,,,,,,,,,,,,,,,,,,4000,"Grants the ""Skl+"" skill while equipped. This instance of the skill stacks with other instances.",FALSE,,FALSE,
Spd Trinket,Accessory,,,,,,,,,,,,,,,,,,,,,,,,,,5000,"Grants the ""Spd+"" skill while equipped. This instance of the skill stacks with other instances.",FALSE,,FALSE,
Lck Trinket,Accessory,,,,,,,,,,,,,,,,,,,,,,,,,,3500,"Grants the ""Lck+"" skill while equipped. This instance of the skill stacks with other instances.",FALSE,,FALSE,
Def Trinket,Accessory,,,,,,,,,,,,,,,,,,,,,,,,,,4500,"Grants the ""Def+"" skill while equipped. This instance of the skill stacks with other instances.",FALSE,,FALSE,
Res Trinket,Accessory,,,,,,,,,,,,,,,,,,,,,,,,,,4500,"Grants the ""Res+"" skill while equipped. This instance of the skill stacks with other instances.",FALSE,,FALSE,
Portable Cauldron,Accessory,,,,,,,,,,,,,,,,,,,,,,,,,,6000,"Grants the ""Witch's Brew"" skill while equipped.",FALSE,,FALSE,
Iron Bracers,Accessory,,,,,,,,,,,,,,,,,,,,,,,,,,,"Grants the ""Iron Will"" skill while equipped. This instance the skill stacks with other instances.",FALSE,,FALSE,
Wrestling Belt,Accessory,,,,,,,,,,,,,,,,,,,,,,,,,,,"Grants the ""Shove"", ""Lunge"" and ""Swap"" skills while equipped.",FALSE,,FALSE,
Puppet Strings,Accessory,,,,,,,,,,,,,,,,,,,,,,,,,,25000,"Grants the ""Replicate"" skill while equipped.",FALSE,,FALSE,
Boots,Accessory,,,,,,,,,,,,,,,,,,,,,,,,,,15000,"Grants the ""Mov+"" skill while equipped. This instance of the skill stacks with other instances.",FALSE,,FALSE,
Wing Shield,Accessory,,,,,,,,,,,,,,,,,,,,,,,,,,10000,"Grants the ""Temore's Shield"" skill while equipped.",FALSE,,FALSE,
Guiding Charm,Accessory,,,,,,,,,,,,,,,,,,,,,,,,,,20000,"Grants the ""Certain Blow"" skill while equipped. This instance of the skill stacks with other instances.",FALSE,,FALSE,
Charming Necklace,Accessory,,,,,,,,,,,,,,,,,,,,,,,,,,???,"Grants the ""Charm"" skill while equipped. If the user already has Charm, this doubles the effect of their Charm instead.",FALSE,,FALSE,
Rabbit's Foot,Accessory,,,,,,,,,,,,,,,,,,,,,,,,,,???,"Grants the ""Fortune"" Skill while equipped",FALSE,,FALSE,
Trickshot,Accessory,,,,,,,,,,,,,,,,,,,,,,,,,,--,"Grants the ""Point Blank"" skill while equipped, and allows the units to attack each enemy in range whenever they attack. The user only takes the counter attack from the main combat. Immune to lethality.",FALSE,,FALSE,
The Iron Crown,Accessory,,,,,,,,,,,,,,,,,,,,,,,,,,--,"Grants the ""Eminent Domain"" and ""Death Blow"" skills while equipped. These instances of the skills stack with other instances.",FALSE,,FALSE,
Protector's Shield,Accessory,,,,,,,,,,,,,,,,,,,,,,,,,,--,"Grants the ""Skilltaker"", ""Aegis"" and ""Pavise"" skills while equipped.",FALSE,,FALSE,
Steward's Pin,Accessory,,,,,,,,,,,,,,,,,,,,,,,,,,--,"Grants the ""Hardy Fighter"" and ""Relief"" skills while equipped.",FALSE,,FALSE,
Penwyverns' Sigil,Accessory,,,,,,,,,,,,,,,,,,,,,,,,,,--,"Grants the ""Wings of Mercy"" and ""Miracle"" skills while equipped.",FALSE,,FALSE,
Jolaripa's Sigil,Accessory,,,,,,,,,,,,,,,,,,,,,,,,,,--,"Grants the ""Lucktaker"" skill while equipped.",FALSE,,FALSE,
Tispan's Sigil,Accessory,,,,,,,,,,,,,,,,,,,,,,,,,,--,"Grants the ""Desperation"" skill while equipped.",FALSE,,FALSE,
Byrtdelin's Sigil,Accessory,,,,,,,,,,,,,,,,,,,,,,,,,,--,"Grants the ""Staff-faire"" skill while Equipped.",FALSE,,FALSE,
To's Sigil,Accessory,,,,,,,,,,,,,,,,,,,,,,,,,,--,"Grants the ""Natural Cover"" and ""Pass"" skills while equipped. These instances of the skills stack with other instances.",FALSE,,FALSE,
Helmfirth's Sigil,Accessory,,,,,,,,,,,,,,,,,,,,,,,,,,--,"Grants the ""Nihil"" and ""Hardy Fighter"" skills while equipped.",FALSE,,FALSE,
Aros's Sigil,Accessory,,,,,,,,,,,,,,,,,,,,,,,,,,--,"Grants the ""Mag+"" and ""Death Blow"" skills while equipped. These instances of the skill stack with other instances.",FALSE,,FALSE,
Haerdean's Sigil,Accessory,,,,,,,,,,,,,,,,,,,,,,,,,,--,"Grants the ""Duelist Blow"" and ""Swordfaire"" skills while equipped.",FALSE,,FALSE,
Pewkol's Sigil,Accessory,,,,,,,,,,,,,,,,,,,,,,,,,,--,"Grants the ""Mastery"" skill while equipped.",FALSE,,FALSE,
Awknirg's Sigil,Accessory,,,,,,,,,,,,,,,,,,,,,,,,,,--,"Grants the ""Seal Defense"", ""Seal Resistance"" and ""Rend Heaven"" skills while equipped.",FALSE,,FALSE,
Gellor's Blessing,Accessory,,,,,,,,,,,,,,,,,,,,,,,,,,--,"If the equipped unit would be defeated, instead their HP goes into negative values. If they still have negative HP at the end of their next active phase, then this unit is defeated normally.",FALSE,,FALSE,
Marshal's Banner,Accessory,,,,,,,,,,,,,,,,,,,,,,,,,,--,"Grants the ""Marshalling"" skill while equipped.",FALSE,,FALSE,
Gems,,,,,,,,,,,,,,,,,,,,,,,,,,,,,FALSE,,FALSE,
Fire Gem,Gem,,,,,,,,,,,,,,,,,,,,,,,,,,500,A gem that grants +1 might,FALSE,,FALSE,
Ice Gem,Gem,,,,,,,,,,,,,,,,,,,,,,,,,,500,A gem that grants +5 hit,FALSE,,FALSE,
Wind Gem,Gem,,,,,,,,,,,,,,,,,,,,,,,,,,500,A gem that grants +5 avoid,FALSE,,FALSE,
Thunder Gem,Gem,,,,,,,,,,,,,,,,,,,,,,,,,,500,A gem that grants +3 crit,FALSE,,FALSE,
Water Gem,Gem,,,,,,,,,,,,,,,,,,,,,,,,,,500,A gem that grants +5 CEva,FALSE,,FALSE,
Strength Gem,Gem,,,,,,,,,,,,,,,,,,,,,,,,,,500,A gem that grants +1 Strength,FALSE,,FALSE,
Magic Gem,Gem,,,,,,,,,,,,,,,,,,,,,,,,,,500,A gem that grants +1 Magic,FALSE,,FALSE,
Skill Gem,Gem,,,,,,,,,,,,,,,,,,,,,,,,,,500,A gem that grants +1 skill,FALSE,,FALSE,
Speed Gem,Gem,,,,,,,,,,,,,,,,,,,,,,,,,,500,A gem that grants +1 Speed,FALSE,,FALSE,
Luck Gem,Gem,,,,,,,,,,,,,,,,,,,,,,,,,,500,A gem that grants +2 luck,FALSE,,FALSE,
Defense Gem,Gem,,,,,,,,,,,,,,,,,,,,,,,,,,700,A gem that grants +1 defense,FALSE,,FALSE,
Resistance Gem,Gem,,,,,,,,,,,,,,,,,,,,,,,,,,700,A gem that grants +1 resistance,FALSE,,FALSE,
Blunt Gem,Gem,,,,,,,,,,,,,,,,,,,,,,,,,,1000," +5 might, -5 attack speed",,,,
Handicraft Gem,Gem,,,,,,,,,,,,,,,,,,,,,,,,,,1000," -3 might, +5 attack speed",,,,
Mycology Gem,Gem,,,,,,,,,,,,,,,,,,,,,,,,,,1000,Using healing items also removes debuffs and status effects,,,,
Unscathed Gem,Gem,,,,,,,,,,,,,,,,,,,,,,,,,,1000, +3 attack and +5% crit rate when the user is at full HP,,,,
Wary Gem,Gem,,,,,,,,,,,,,,,,,,,,,,,,,,1000,"-1 Might, +5 defense speed.",,,,
Reckless Gem,Gem,,,,,,,,,,,,,,,,,,,,,,,,,,1000,"+2 might, -5 defense speed.",,,,
Regem,Gem,,,,,,,,,,,,,,,,,,,,,,,,,,10000,Recover 10% of your max HP at the start of the turn if this weapon is equipped.,,,,
Concoction(4),Item,,,,4,,,,,,,,,,,,,,,,,,,,,,600,Heals 20 HP.,FALSE,,FALSE,
Duelist's Draft(4),Item,,,,4,,,,,,,,,,,,,,,,,,,,,,500,Grants +2 Skl/Spd for one chapter.,FALSE,,FALSE,
Steadfast Vigor(4),Item,,,,4,,,,,,,,,,,,,,,,,,,,,,500,Grants +2 Def/Res for one chapter.,FALSE,,FALSE,
Warp Powder(3),Item,,,,3,,,,,,,,,,,,,,,,,,,,,,2500,"Warps the unit to any free tile within Luck/2. Certain areas cannot be warped into, at GM's discretion.",FALSE,,FALSE,
